user71715,2642737,/home/user71715
user11052,2802865,/home/user11052
user64635,5283947,/home/user64635
user15801,8763638,/home/user15801
user78867,2486734,/home/user78867
user12890,8762436,/home/user12890
user72034,2321482,/home/user72034
user74771,1185851,/home/user74771
user26391,1384214,/home/user26391
user91181,5660712,/home/user91181
user72122,4106865,/home/user72122
user54427,7819259,/home/user54427
user98710,7690438,/home/user98710
user25031,1303195,/home/user25031
user43812,4587346,/home/user43812
user72305,8570571,/home/user72305
user32078,8881320,/home/user32078
user19661,4944057,/home/user19661
user22225,1458048,/home/user22225
user22384,3750644,/home/user22384
user32100,1203969,/home/user32100
user48265,5827541,/home/user48265
user10002,8012663,/home/user10002
user18709,9797366,/home/user18709
user22691,5672599,/home/user22691
user59873,1684409,/home/user59873
user99887,4061274,/home/user99887
user56840,4486000,/home/user56840
user34670,2355461,/home/user34670
user92050,3342885,/home/user92050
user26581,4294097,/home/user26581
user74353,6110407,/home/user74353
user45583,6988727,/home/user45583
user56418,1883147,/home/user56418
user80997,9741909,/home/user80997
user43777,2338065,/home/user43777
user18602,2292387,/home/user18602
user90523,8546140,/home/user90523
user54079,6027730,/home/user54079
user10300,4969615,/home/user10300
user13992,9012120,/home/user13992
user28390,3018967,/home/user28390
user64315,4003980,/home/user64315
user35618,4584854,/home/user35618
user86459,1088094,/home/user86459
user38023,6335203,/home/user38023
user80967,4293586,/home/user80967
user12296,8867241,/home/user12296
user48017,2858791,/home/user48017
user94561,2506990,/home/user94561
user93214,4015126,/home/user93214
user67790,5325575,/home/user67790
user65045,2892845,/home/user65045
user79358,3903587,/home/user79358
user27607,6632051,/home/user27607
user51388,2701556,/home/user51388
user19294,9828697,/home/user19294
user82075,7270889,/home/user82075
user81302,4486314,/home/user81302
user73769,6231630,/home/user73769
user48975,9074297,/home/user48975
user90178,2193628,/home/user90178
user73534,5517388,/home/user73534
user95103,1808996,/home/user95103
user38777,3483694,/home/user38777
user93948,5856355,/home/user93948
user37963,7209479,/home/user37963
user38542,4704934,/home/user38542
user99639,8737698,/home/user99639
user97021,1897387,/home/user97021
user39858,2847727,/home/user39858
user57496,8141616,/home/user57496
user98235,4940442,/home/user98235
user88217,3069832,/home/user88217
user97932,3060340,/home/user97932
user30892,2944255,/home/user30892
user97177,6925507,/home/user97177
user98345,2262087,/home/user98345
user73509,8059476,/home/user73509
user43979,8756744,/home/user43979
user58517,8632042,/home/user58517
user14384,9316469,/home/user14384
user75567,2683318,/home/user75567
user40636,4175293,/home/user40636
user37925,1583743,/home/user37925
user30045,9899507,/home/user30045
user56703,6215704,/home/user56703
user60723,8963113,/home/user60723
user45676,5590992,/home/user45676
user52927,9448864,/home/user52927
user37620,3337750,/home/user37620
user65121,9097204,/home/user65121
user50323,7119296,/home/user50323
user65762,9562981,/home/user65762
user18525,5524277,/home/user18525
user60216,3239037,/home/user60216
user32034,3701613,/home/user32034
user35985,7908488,/home/user35985
user82106,9933038,/home/user82106
user70772,6263211,/home/user70772
user27075,5164680,/home/user27075
user58128,2019681,/home/user58128
user88814,4755614,/home/user88814
user70439,5526285,/home/user70439
user21080,1311594,/home/user21080
user40612,3025254,/home/user40612
user96311,1911597,/home/user96311
user26902,9150747,/home/user26902
user26503,4663081,/home/user26503
user67983,4318500,/home/user67983
user82921,4918786,/home/user82921
user94420,3326887,/home/user94420
user23326,2239508,/home/user23326
user15485,6333476,/home/user15485
user52613,1570667,/home/user52613
user65919,6695254,/home/user65919
user89624,6875958,/home/user89624
user15923,7524956,/home/user15923
user37403,1345613,/home/user37403
user40010,4752178,/home/user40010
user70655,1460802,/home/user70655
user39157,4847646,/home/user39157
user62601,8384690,/home/user62601
user64659,3061882,/home/user64659
user47019,6767873,/home/user47019
user60297,3664417,/home/user60297
user58590,8857184,/home/user58590
user95743,8395168,/home/user95743
user20980,1404276,/home/user20980
user32263,3335725,/home/user32263
user75808,9002627,/home/user75808
user87068,2291538,/home/user87068
user33817,9103979,/home/user33817
user49997,6602557,/home/user49997
user17230,1555957,/home/user17230
user55705,6905165,/home/user55705
user16189,2484418,/home/user16189
user26235,7455295,/home/user26235
user35200,4983876,/home/user35200
user72100,2947534,/home/user72100
user92711,8091486,/home/user92711
user55394,8594653,/home/user55394
user47725,3852501,/home/user47725
user57233,2935018,/home/user57233
user37191,5651835,/home/user37191
user58189,6832529,/home/user58189
user11016,2598674,/home/user11016
user95620,9929501,/home/user95620
user95643,3246511,/home/user95643
user46286,5418597,/home/user46286
user91625,5250394,/home/user91625
user19685,7645318,/home/user19685
user53205,2726704,/home/user53205
user77830,5552161,/home/user77830
user51736,9284837,/home/user51736
user49343,8168549,/home/user49343
user39348,5564444,/home/user39348
user19369,4520904,/home/user19369
user78618,9149154,/home/user78618
user62201,1603189,/home/user62201
user10521,8540522,/home/user10521
user23068,2748815,/home/user23068
user69341,3245466,/home/user69341
user82263,2154613,/home/user82263
user93994,3220836,/home/user93994
user86300,9629604,/home/user86300
user91688,2524267,/home/user91688
user61234,6817636,/home/user61234
user35787,6074519,/home/user35787
user41210,7974542,/home/user41210
user55028,4679009,/home/user55028
user88018,7528378,/home/user88018
user98936,9074093,/home/user98936
user21949,5040904,/home/user21949
user27974,2006820,/home/user27974
user84940,4623907,/home/user84940
user25812,2961365,/home/user25812
user39499,4237628,/home/user39499
user80913,2628570,/home/user80913
user92554,6086427,/home/user92554
user81932,4326748,/home/user81932
user76031,8453875,/home/user76031
user32375,6263138,/home/user32375
user62717,3963362,/home/user62717
user19257,7989320,/home/user19257
user77299,2971081,/home/user77299
user70403,2184932,/home/user70403
user81717,1381336,/home/user81717
user65022,6968614,/home/user65022
user15533,9486336,/home/user15533
user18544,9129537,/home/user18544
user36270,3994441,/home/user36270
user62194,7497596,/home/user62194
user24324,4803771,/home/user24324
user11622,3909570,/home/user11622
user49781,5844351,/home/user49781
user21033,8445247,/home/user21033
user73005,4385798,/home/user73005
user47486,3305654,/home/user47486
user29573,5088929,/home/user29573
user42055,6435855,/home/user42055
user11058,5308937,/home/user11058
user21678,3229641,/home/user21678
user39648,2138591,/home/user39648
user99554,4068852,/home/user99554
user33920,2157590,/home/user33920
user40155,8074987,/home/user40155
user67815,6533265,/home/user67815
user93518,5283492,/home/user93518
user62784,4856860,/home/user62784
user89325,8235158,/home/user89325
user71412,1268258,/home/user71412
user99512,2479735,/home/user99512
user88248,5226305,/home/user88248
user50849,9440085,/home/user50849
user15557,7355320,/home/user15557
user69226,8621833,/home/user69226
user25168,5284160,/home/user25168
user10717,6696560,/home/user10717
user13497,8446262,/home/user13497
user60576,5561933,/home/user60576
user68137,4591682,/home/user68137
user78097,6714978,/home/user78097
user93096,4354779,/home/user93096
user41100,8216600,/home/user41100
user17359,8015485,/home/user17359
user22741,7125775,/home/user22741
user97505,7706700,/home/user97505
user63206,4448512,/home/user63206
user62922,3043693,/home/user62922
user72443,8481231,/home/user72443
user64979,8644693,/home/user64979
user51988,1222040,/home/user51988
user53168,1885009,/home/user53168
user50232,5308938,/home/user50232
user22539,5330989,/home/user22539
user86581,5181173,/home/user86581
user58567,1244151,/home/user58567
user70003,8968087,/home/user70003
user29626,8489488,/home/user29626
user38739,7561167,/home/user38739
user64928,9486737,/home/user64928
user79084,9026399,/home/user79084
user69403,2316770,/home/user69403
user36203,2591496,/home/user36203
user61417,5517734,/home/user61417
user31843,9642499,/home/user31843
user98383,7833382,/home/user98383
user95297,1805164,/home/user95297
user88392,1510242,/home/user88392
user82464,1004899,/home/user82464
user17893,1784833,/home/user17893
user65076,8647154,/home/user65076
user93794,8390559,/home/user93794
user77258,8566038,/home/user77258
user23087,1881058,/home/user23087
user72534,7310283,/home/user72534
user74643,1339601,/home/user74643
user68725,3907274,/home/user68725
user20880,6170319,/home/user20880
user26939,8814051,/home/user26939
user32940,3756024,/home/user32940
user30189,4540373,/home/user30189
user98530,3451578,/home/user98530
user26096,7488760,/home/user26096
user44795,1924272,/home/user44795
user77600,6660652,/home/user77600
user90906,5515245,/home/user90906
user22396,6894162,/home/user22396
user64242,8387778,/home/user64242
user46728,4990259,/home/user46728
user64157,3524047,/home/user64157
user63129,5556484,/home/user63129
user51792,2756654,/home/user51792
user66636,8005113,/home/user66636
user14295,1465989,/home/user14295
user23423,3634045,/home/user23423
user51982,9485892,/home/user51982
user68125,4617677,/home/user68125
user12859,5216521,/home/user12859
user75506,5512480,/home/user75506
user60380,2416995,/home/user60380
user66862,2589435,/home/user66862
user76061,4073147,/home/user76061
user49318,7511762,/home/user49318
user14622,6551123,/home/user14622
user32698,8639635,/home/user32698
user67639,1835995,/home/user67639
user29544,8839254,/home/user29544
user51933,3952459,/home/user51933
user47473,2488085,/home/user47473
user10310,1095570,/home/user10310
user68900,2353016,/home/user68900
user72683,7227234,/home/user72683
user74194,2567462,/home/user74194
user24060,2866034,/home/user24060
user96071,7448727,/home/user96071
user16414,1098054,/home/user16414
user99237,9904391,/home/user99237
user53162,4926115,/home/user53162
user14836,9234889,/home/user14836
user80356,6028602,/home/user80356
user41912,1745210,/home/user41912
user99651,7292123,/home/user99651
user87992,5394765,/home/user87992
user11382,2326624,/home/user11382
user89791,6755840,/home/user89791
user78623,3896825,/home/user78623
user94310,5575023,/home/user94310
user89495,7059696,/home/user89495
user77994,6499084,/home/user77994
user26425,9353926,/home/user26425
user19919,5833608,/home/user19919
user37385,2542634,/home/user37385
user37829,6619844,/home/user37829
user57658,4796989,/home/user57658
user58947,9782296,/home/user58947
user56414,4426699,/home/user56414
user29373,6888020,/home/user29373
user99907,3341054,/home/user99907
user86018,5611576,/home/user86018
user85177,2607052,/home/user85177
user12779,9537472,/home/user12779
user87783,5264338,/home/user87783
user63611,2580710,/home/user63611
user75519,7017507,/home/user75519
user58564,7986824,/home/user58564
user83842,8432263,/home/user83842
user75776,9156899,/home/user75776
user19378,5648634,/home/user19378
user24941,1373202,/home/user24941
user32128,9664969,/home/user32128
user93445,8125550,/home/user93445
user37683,2156818,/home/user37683
user25819,6070797,/home/user25819
user52556,1459333,/home/user52556
user44691,9522898,/home/user44691
user57283,8756432,/home/user57283
user82881,5100175,/home/user82881
user53740,1519072,/home/user53740
user10554,9396772,/home/user10554
user13361,8720855,/home/user13361
user32656,5108794,/home/user32656
user40528,7657450,/home/user40528
user19713,4248849,/home/user19713
user98285,4570328,/home/user98285
user74219,6728247,/home/user74219
user54291,7308325,/home/user54291
user84348,1953663,/home/user84348
user40962,9133127,/home/user40962
user19473,5207850,/home/user19473
user87247,6707547,/home/user87247
user45109,2271064,/home/user45109
user87840,1905612,/home/user87840
user39926,9569976,/home/user39926
user70269,6696017,/home/user70269
user28726,6819200,/home/user28726
user63890,1640561,/home/user63890
user63936,3507038,/home/user63936
user15978,5764290,/home/user15978
user64998,5502025,/home/user64998
user96322,3174199,/home/user96322
user72859,1874967,/home/user72859
user70978,6626897,/home/user70978
user20344,8539571,/home/user20344
user97717,4364260,/home/user97717
user92264,2569984,/home/user92264
user38610,3478067,/home/user38610
user64790,7500593,/home/user64790
user74001,2619070,/home/user74001
user99688,9531628,/home/user99688
user90940,1615128,/home/user90940
user42912,3124309,/home/user42912
user49470,4084883,/home/user49470
user47401,4550308,/home/user47401
user85831,1361429,/home/user85831
user61620,9883081,/home/user61620
user45764,7885811,/home/user45764
user75101,8482628,/home/user75101
user24664,4794416,/home/user24664
user46321,6157962,/home/user46321
user95917,3204412,/home/user95917
user31851,4457208,/home/user31851
user36483,1696536,/home/user36483
user25032,5282168,/home/user25032
user17729,8210474,/home/user17729
user55017,6423143,/home/user55017
user66430,9047369,/home/user66430
user95502,9193410,/home/user95502
user52883,7349926,/home/user52883
user16263,6932850,/home/user16263
user97756,3938050,/home/user97756
user98192,6203004,/home/user98192
user81212,8133098,/home/user81212
user77820,1736884,/home/user77820
user44800,1334237,/home/user44800
user12512,1748333,/home/user12512
user27035,7625924,/home/user27035
user99720,7854767,/home/user99720
user48447,7904265,/home/user48447
user66904,3740695,/home/user66904
user33417,4695872,/home/user33417
user42774,4180819,/home/user42774
user99592,6911212,/home/user99592
user59492,2641731,/home/user59492
user86111,1992925,/home/user86111
user13260,5179768,/home/user13260
user49001,2098182,/home/user49001
user59470,4833686,/home/user59470
user18620,5369735,/home/user18620
user29823,2537797,/home/user29823
user41812,1775989,/home/user41812
user34447,6202070,/home/user34447
user21687,3797882,/home/user21687
user78241,5981036,/home/user78241
user27398,5453087,/home/user27398
user33729,6786468,/home/user33729
user90175,1422899,/home/user90175
user44257,4469632,/home/user44257
user72755,7053992,/home/user72755
user45656,1603567,/home/user45656
user62616,1563209,/home/user62616
user59357,2981088,/home/user59357
user78339,2224176,/home/user78339
user11378,1722470,/home/user11378
user75595,6341815,/home/user75595
user34047,5613323,/home/user34047
user27682,9069348,/home/user27682
user94165,1791042,/home/user94165
user18143,2873733,/home/user18143
user92591,5467883,/home/user92591
user45128,5995341,/home/user45128
user39352,3683899,/home/user39352
user12982,2080651,/home/user12982
user45780,1042232,/home/user45780
user46561,9661205,/home/user46561
user44454,2797590,/home/user44454
user41261,7431392,/home/user41261
user35228,8934354,/home/user35228
user91790,1100691,/home/user91790
user41333,2495582,/home/user41333
user15140,6874772,/home/user15140
user77391,5517402,/home/user77391
user64053,6694824,/home/user64053
user96826,1300673,/home/user96826
user46119,1283583,/home/user46119
user61581,3775920,/home/user61581
user91204,2981383,/home/user91204
user65767,4937330,/home/user65767
user11310,4672829,/home/user11310
user17405,5811335,/home/user17405
user21019,9609827,/home/user21019
user33339,9160661,/home/user33339
user53775,6788290,/home/user53775
user61827,3881658,/home/user61827
user15583,2866952,/home/user15583
user32885,3310812,/home/user32885
user97779,9471108,/home/user97779
user71239,8827320,/home/user71239
user41076,4470108,/home/user41076
user51466,4319434,/home/user51466
user89755,2877841,/home/user89755
user80149,5990550,/home/user80149
user55141,4899820,/home/user55141
user41708,2195446,/home/user41708
user45448,7015916,/home/user45448
user69158,5614617,/home/user69158
user52771,1104511,/home/user52771
user60273,2652766,/home/user60273
user47843,2296524,/home/user47843
user44669,6411512,/home/user44669
user37651,9681722,/home/user37651
user30071,7924034,/home/user30071
user20172,6455078,/home/user20172
user70214,5632555,/home/user70214
user14763,5253952,/home/user14763
user14124,3519324,/home/user14124
user91575,9622508,/home/user91575
user13548,8464608,/home/user13548
user21765,9348118,/home/user21765
user65954,3290294,/home/user65954
user81767,8945529,/home/user81767
user93887,8624054,/home/user93887
user23194,1467492,/home/user23194
user84913,9619285,/home/user84913
user41668,8850668,/home/user41668
user46454,3050512,/home/user46454
user34302,2032594,/home/user34302
user53021,8008812,/home/user53021
user78230,9116115,/home/user78230
user35749,6314452,/home/user35749
user13480,1509772,/home/user13480
user72356,8416843,/home/user72356
user90014,9904472,/home/user90014
user38459,6026926,/home/user38459
user22000,4678515,/home/user22000
user27826,6366242,/home/user27826
user44291,3666024,/home/user44291
user19394,1334114,/home/user19394
user96326,9422125,/home/user96326
user33565,9648982,/home/user33565
user66851,8029575,/home/user66851
user69143,6718905,/home/user69143
user70049,4069698,/home/user70049
user61295,9541749,/home/user61295
user86062,6745075,/home/user86062
user91254,5253526,/home/user91254
user68959,2599445,/home/user68959
user27429,3334308,/home/user27429
user57696,5443238,/home/user57696
user62082,3658626,/home/user62082
user70617,9929067,/home/user70617
user43542,3338159,/home/user43542
user28261,5641748,/home/user28261
user48807,1648952,/home/user48807
user48224,8683666,/home/user48224
user20925,9314186,/home/user20925
user73908,6803745,/home/user73908
user87897,2181239,/home/user87897
user52873,1851557,/home/user52873
user52458,2277639,/home/user52458
user29102,4213959,/home/user29102
user58391,2409118,/home/user58391
user46792,8330931,/home/user46792
user68008,8839619,/home/user68008
user81712,8722239,/home/user81712
user82945,4992787,/home/user82945
user79122,7133148,/home/user79122
user93377,7577458,/home/user93377
user62712,9914176,/home/user62712
user19226,3465919,/home/user19226
user89618,8787710,/home/user89618
user74639,1559220,/home/user74639
user28055,1412763,/home/user28055
user26086,1304806,/home/user26086
user75590,9093304,/home/user75590
user64034,1254954,/home/user64034
user47405,3044073,/home/user47405
user22348,4673922,/home/user22348
user77040,3728076,/home/user77040
user95522,3303320,/home/user95522
user64674,7905223,/home/user64674
user80961,7835687,/home/user80961
user54500,5522415,/home/user54500
user86632,7797893,/home/user86632
user85284,2792972,/home/user85284
user57192,8543548,/home/user57192
user83520,7813665,/home/user83520
user17448,1941315,/home/user17448
user90445,4457885,/home/user90445
user72398,3937699,/home/user72398
user49914,2975384,/home/user49914
user37277,7901837,/home/user37277
user12075,5471393,/home/user12075
user88602,4864742,/home/user88602
user86859,6833619,/home/user86859
user99058,3810395,/home/user99058
user24856,6998164,/home/user24856
user91349,8894630,/home/user91349
user16038,4875395,/home/user16038
user39509,5018847,/home/user39509
user30124,2643079,/home/user30124
user84452,8215928,/home/user84452
user41451,4855268,/home/user41451
user44602,7714974,/home/user44602
user92202,7220963,/home/user92202
user42217,6053378,/home/user42217
user22502,3224992,/home/user22502
user73823,5841508,/home/user73823
user59006,2200731,/home/user59006
user32412,9775890,/home/user32412
user42434,9700801,/home/user42434
user91014,8677291,/home/user91014
user99617,3582898,/home/user99617
user37626,8419288,/home/user37626
user80863,6092021,/home/user80863
user89308,4632689,/home/user89308
user52055,4547184,/home/user52055
user12618,1744083,/home/user12618
user14169,1942828,/home/user14169
user72798,1126158,/home/user72798
user23472,6401403,/home/user23472
user23114,7633277,/home/user23114
user40515,9965975,/home/user40515
user95506,7767595,/home/user95506
user90471,5245875,/home/user90471
user18212,2316217,/home/user18212
user21320,8375642,/home/user21320
user68018,8298667,/home/user68018
user15087,6041060,/home/user15087
user96388,8595839,/home/user96388
user50939,2482523,/home/user50939
user35813,5370339,/home/user35813
user95189,2144338,/home/user95189
user25266,7979120,/home/user25266
user27057,5483099,/home/user27057
user29463,7279844,/home/user29463
user37516,3416788,/home/user37516
user52155,7499618,/home/user52155
user24549,3905494,/home/user24549
user90561,8402812,/home/user90561
user60124,9402784,/home/user60124
user29890,2553264,/home/user29890
user23476,2454955,/home/user23476
user72356,4923816,/home/user72356
user86106,6579115,/home/user86106
user11471,4507114,/home/user11471
user74562,6227219,/home/user74562
user78157,4817385,/home/user78157
user81565,4729582,/home/user81565
user42812,9503334,/home/user42812
user41353,4007262,/home/user41353
user87550,8533375,/home/user87550
user64920,1206553,/home/user64920
user40031,8175734,/home/user40031
user79875,2645946,/home/user79875
user25827,4801391,/home/user25827
user70673,8098955,/home/user70673
user29816,3766361,/home/user29816
user95000,3200873,/home/user95000
user58627,2935790,/home/user58627
user30480,8147579,/home/user30480
user75594,2504272,/home/user75594
user95354,4042137,/home/user95354
user83654,5268575,/home/user83654
user79639,8784363,/home/user79639
user15166,7960607,/home/user15166
user92799,7574876,/home/user92799
user74994,3360015,/home/user74994
user63604,1064056,/home/user63604
user24739,7029615,/home/user24739
user50292,5788253,/home/user50292
user80367,2584944,/home/user80367
user73177,6900132,/home/user73177
user80571,4439497,/home/user80571
user14021,8752640,/home/user14021
user91372,7337869,/home/user91372
user84003,2030129,/home/user84003
user25411,1548582,/home/user25411
user94667,2069979,/home/user94667
user23900,7667174,/home/user23900
user95475,3880227,/home/user95475
user80193,2748349,/home/user80193
user95433,5822062,/home/user95433
user20833,2074214,/home/user20833
user63608,6508851,/home/user63608
user15449,4503575,/home/user15449
user80380,2589461,/home/user80380
user93540,1988313,/home/user93540
user79300,7621670,/home/user79300
user81604,2240529,/home/user81604
user36950,1467809,/home/user36950
user58863,8641363,/home/user58863
user71556,8502883,/home/user71556
user48853,5796290,/home/user48853
user77281,4119694,/home/user77281
user63001,8084778,/home/user63001
user43711,8377158,/home/user43711
user62213,9720068,/home/user62213
user63923,8832054,/home/user63923
user62494,1226347,/home/user62494
user32474,4600435,/home/user32474
user57853,4537317,/home/user57853
user20623,3552699,/home/user20623
user52557,8868720,/home/user52557
user23948,6404284,/home/user23948
user86727,4737524,/home/user86727
user36175,8863953,/home/user36175
user99773,3919969,/home/user99773
user24309,3913860,/home/user24309
user86376,5918918,/home/user86376
user74338,2265908,/home/user74338
user38542,3181364,/home/user38542
user59898,9026953,/home/user59898
user85190,8066820,/home/user85190
user41427,1891983,/home/user41427
user21448,8356439,/home/user21448
user47551,9276972,/home/user47551
user23762,2065839,/home/user23762
user66814,4288174,/home/user66814
user31145,5817403,/home/user31145
user71064,6406670,/home/user71064
user23095,8314309,/home/user23095
user83121,1640414,/home/user83121
user93830,6948331,/home/user93830
user96199,5172136,/home/user96199
user98535,3546544,/home/user98535
user69133,1132986,/home/user69133
user19639,4841710,/home/user19639
user33887,2642921,/home/user33887
user62819,7944170,/home/user62819
user25564,7660822,/home/user25564
user73549,8862884,/home/user73549
user69009,5449796,/home/user69009
user41051,7618455,/home/user41051
user48336,5237145,/home/user48336
user59656,4100610,/home/user59656
user88101,2835752,/home/user88101
user35569,1091828,/home/user35569
user98619,5183963,/home/user98619
user51681,9495837,/home/user51681
user54750,2197279,/home/user54750
user55916,5839234,/home/user55916
user15158,9051971,/home/user15158
user23348,1639719,/home/user23348
user80630,4890005,/home/user80630
user64542,9038506,/home/user64542
user16830,9815845,/home/user16830
user76824,8908504,/home/user76824
user53225,2371751,/home/user53225
user18362,4490383,/home/user18362
user27753,4344813,/home/user27753
user76975,4838063,/home/user76975
user35947,2134259,/home/user35947
user68126,6049493,/home/user68126
user19571,7455782,/home/user19571
user71467,5639588,/home/user71467
user63247,4616637,/home/user63247
user73403,1218146,/home/user73403
user92040,4334471,/home/user92040
user65946,6287231,/home/user65946
user49633,8910920,/home/user49633
user22021,3869511,/home/user22021
user52355,3307609,/home/user52355
user94177,6336767,/home/user94177
user34747,9547723,/home/user34747
user44866,6424636,/home/user44866
user94900,4158406,/home/user94900
user58837,4103857,/home/user58837
user18726,3810583,/home/user18726
user46408,6847408,/home/user46408
user25276,2539138,/home/user25276
user36796,3534651,/home/user36796
user65759,5811590,/home/user65759
user18840,7353990,/home/user18840
user17961,7970490,/home/user17961
user86907,8765535,/home/user86907
user93228,1922195,/home/user93228
user49124,3654004,/home/user49124
user24480,3913243,/home/user24480
user70533,7919722,/home/user70533
user82495,4462794,/home/user82495
user10033,9389472,/home/user10033
user63287,3747731,/home/user63287
user51527,9389292,/home/user51527
user63089,2111420,/home/user63089
user44589,1323296,/home/user44589
user50442,6317053,/home/user50442
user26778,1652351,/home/user26778
user87858,6330227,/home/user87858
user74972,2394892,/home/user74972
user31682,5739305,/home/user31682
user92013,9789084,/home/user92013
user47378,8316884,/home/user47378
user36016,9077507,/home/user36016
user85885,6045499,/home/user85885
user42968,9294001,/home/user42968
user24873,4786325,/home/user24873
user55779,9449373,/home/user55779
user57006,6930363,/home/user57006
user28005,5230187,/home/user28005
user22203,8956250,/home/user22203
user31921,8858743,/home/user31921
user60206,8789003,/home/user60206
user90903,5789065,/home/user90903
user89640,1660967,/home/user89640
user58552,5047431,/home/user58552
user24298,8674905,/home/user24298
user41733,6745350,/home/user41733
user18417,5108050,/home/user18417
user54049,5015856,/home/user54049
user54024,5130433,/home/user54024
user38055,1770697,/home/user38055
user55485,1267206,/home/user55485
user83995,1131267,/home/user83995
user33756,6643311,/home/user33756
user10973,2739978,/home/user10973
user83547,6093739,/home/user83547
user51274,7684709,/home/user51274
user14109,4943929,/home/user14109
user97231,8554111,/home/user97231
user16770,2168661,/home/user16770
user53268,5012224,/home/user53268
user74328,9188855,/home/user74328
user29922,4568869,/home/user29922
user49596,8316558,/home/user49596
user67379,4523538,/home/user67379
user49612,7701781,/home/user49612
user65775,2030839,/home/user65775
user10466,6104353,/home/user10466
user82356,5972693,/home/user82356
user31831,8132175,/home/user31831
user92616,3908578,/home/user92616
user46984,1083990,/home/user46984
user35304,9440739,/home/user35304
user91509,4287788,/home/user91509
user76817,8393249,/home/user76817
user62067,4657732,/home/user62067
user65374,7725690,/home/user65374
user35470,6968648,/home/user35470
user26909,5620237,/home/user26909
user57912,8076363,/home/user57912
user25257,7286827,/home/user25257
user51413,2767534,/home/user51413
user38409,5476854,/home/user38409
user33930,8741978,/home/user33930
user42571,6761655,/home/user42571
user91795,8178358,/home/user91795
user24653,4969730,/home/user24653
user52184,9220868,/home/user52184
user33074,6602980,/home/user33074
user63944,4185605,/home/user63944
user97223,6473063,/home/user97223
user51540,8631050,/home/user51540
user41435,4965044,/home/user41435
user54031,1321478,/home/user54031
user26511,8469499,/home/user26511
user87276,1907566,/home/user87276
user44197,1796064,/home/user44197
user56190,3436123,/home/user56190
user30681,1447759,/home/user30681
user16169,2801785,/home/user16169
user45015,4194947,/home/user45015
user42047,4102437,/home/user42047
user10153,3112395,/home/user10153
user36119,2676628,/home/user36119
user94351,6159952,/home/user94351
user77485,8722208,/home/user77485
user27812,8229771,/home/user27812
user18880,5882076,/home/user18880
user95787,4556494,/home/user95787
user45355,8196895,/home/user45355
user93749,2006632,/home/user93749
user30695,3774750,/home/user30695
user36197,8847491,/home/user36197
user69791,9714697,/home/user69791
user99611,8038867,/home/user99611
user35918,2684091,/home/user35918
user26450,3935795,/home/user26450
user82690,2906371,/home/user82690
user22140,9462014,/home/user22140
user46795,3537675,/home/user46795
user36511,3010096,/home/user36511
user34090,6809337,/home/user34090
user10640,2242001,/home/user10640
user70034,5273598,/home/user70034
user78734,2648316,/home/user78734
user96659,2006558,/home/user96659
user44441,1583930,/home/user44441
user42625,8246218,/home/user42625
user68863,8508142,/home/user68863
user92780,1534942,/home/user92780
user92652,9325524,/home/user92652
user35846,7114215,/home/user35846
user64899,4425720,/home/user64899
user27485,8360477,/home/user27485
user82529,9581775,/home/user82529
user40238,8290709,/home/user40238
user77156,6528005,/home/user77156
user16962,8431229,/home/user16962
user40649,6782890,/home/user40649
user32353,3376375,/home/user32353
user58683,1191585,/home/user58683
user85063,4934154,/home/user85063
user69395,1436042,/home/user69395
user24213,8983567,/home/user24213
user48835,8117650,/home/user48835
user28070,6649021,/home/user28070
user58511,6047215,/home/user58511
user29766,9602083,/home/user29766
user11555,5607844,/home/user11555
user16086,6543197,/home/user16086
user51109,6248773,/home/user51109
user44553,4319076,/home/user44553
user67319,1174188,/home/user67319
user39778,8565526,/home/user39778
user83452,3762107,/home/user83452
user58510,5921991,/home/user58510
user29133,2531052,/home/user29133
user70340,1653025,/home/user70340
user32563,6353673,/home/user32563
user55316,1818623,/home/user55316
user42755,7841613,/home/user42755
user78532,1202306,/home/user78532
user24329,7951779,/home/user24329
user39161,5414088,/home/user39161
user15123,3241158,/home/user15123
user79457,3984169,/home/user79457
user49224,4429804,/home/user49224
user92024,2811570,/home/user92024
user30259,6148670,/home/user30259
user41005,6719589,/home/user41005
user21409,3674033,/home/user21409
user29765,7184630,/home/user29765
user11011,3496504,/home/user11011
user99906,9626155,/home/user99906
user66193,3928503,/home/user66193
user34039,8017303,/home/user34039
user93207,5374226,/home/user93207
user30615,6151822,/home/user30615
user85321,5899184,/home/user85321
user13039,2164662,/home/user13039
user41845,4428119,/home/user41845
user25536,5232742,/home/user25536
user95323,6977462,/home/user95323
user25348,9664188,/home/user25348
user61458,1714985,/home/user61458
user47181,5244772,/home/user47181
user21298,9184102,/home/user21298
user42742,1063390,/home/user42742
user70746,7223303,/home/user70746
user36388,5942152,/home/user36388
user71191,5336516,/home/user71191
user15859,5480328,/home/user15859
user97591,7660598,/home/user97591
user46850,5371401,/home/user46850
user40254,2142732,/home/user40254
user79840,3697283,/home/user79840
user99875,2364040,/home/user99875
user44337,1976705,/home/user44337
user33230,8836570,/home/user33230
user91536,3097571,/home/user91536
user23661,6101415,/home/user23661
user95141,5872203,/home/user95141
user98532,3020483,/home/user98532
user26341,4339807,/home/user26341
user11216,8754766,/home/user11216
user76218,7051117,/home/user76218
user45973,3629522,/home/user45973
user15072,9155913,/home/user15072
user64099,7750931,/home/user64099
user78672,7616864,/home/user78672
user56141,6398128,/home/user56141
user92658,8837454,/home/user92658
user86521,8059572,/home/user86521
user58847,4470001,/home/user58847
user21185,6394272,/home/user21185
user89036,6517434,/home/user89036
user46131,8018481,/home/user46131
user30276,9715508,/home/user30276
user96150,5580757,/home/user96150
user81420,1339876,/home/user81420
user70759,4002448,/home/user70759
user12129,1128017,/home/user12129
user80594,7847903,/home/user80594
user14809,4799227,/home/user14809
user61423,1421346,/home/user61423
user42449,9832320,/home/user42449
user90990,6922707,/home/user90990
user98398,4733205,/home/user98398
user30545,2534563,/home/user30545
user45052,2515573,/home/user45052
user79722,3658311,/home/user79722
user79993,4660617,/home/user79993
user40561,2053178,/home/user40561
user46840,6963442,/home/user46840
user48164,9478713,/home/user48164
user69419,8045683,/home/user69419
user19704,2060034,/home/user19704
user60432,9716818,/home/user60432
user37598,7140418,/home/user37598
user43568,5783443,/home/user43568
user31649,7039394,/home/user31649
user21795,6756965,/home/user21795
user99518,6422967,/home/user99518
user87368,8595218,/home/user87368
user80650,3990312,/home/user80650
user47715,8960876,/home/user47715
user50017,2131751,/home/user50017
user39212,8198551,/home/user39212
user41756,2005448,/home/user41756
user72917,8504792,/home/user72917
user59867,2190192,/home/user59867
user78993,4420508,/home/user78993
user13147,1487571,/home/user13147
user18209,9775916,/home/user18209
user52730,1857488,/home/user52730
user42528,3523865,/home/user42528
user45212,9966146,/home/user45212
user54670,6882144,/home/user54670
user28736,6237141,/home/user28736
user49151,9473952,/home/user49151
user11735,6046413,/home/user11735
user56714,4137411,/home/user56714
user93055,9182960,/home/user93055
user22885,9925110,/home/user22885
user50222,2227673,/home/user50222
user40489,3471967,/home/user40489
user43091,7524372,/home/user43091
user74266,1068260,/home/user74266
user80784,2507757,/home/user80784
user30006,9049980,/home/user30006
user99004,3182177,/home/user99004
user83643,1631127,/home/user83643
user88913,4765552,/home/user88913
user68761,1070932,/home/user68761
user95167,7804983,/home/user95167
user49169,3168721,/home/user49169
user58928,6784146,/home/user58928
user24303,2026138,/home/user24303
user67247,9934931,/home/user67247
user95024,4001786,/home/user95024
user43128,6119739,/home/user43128
user58968,6605653,/home/user58968
user60554,3655709,/home/user60554
user68987,8673841,/home/user68987
user58376,2294783,/home/user58376
user49859,7244676,/home/user49859
user38272,3457896,/home/user38272
user22534,4698779,/home/user22534
user11421,2630851,/home/user11421
user66404,7481847,/home/user66404
user86937,7355421,/home/user86937
user69595,2962394,/home/user69595
user40630,2482525,/home/user40630
user61139,7415098,/home/user61139
user62697,9246667,/home/user62697
user47338,1484190,/home/user47338
user14286,6578545,/home/user14286
user87455,7865127,/home/user87455
user55414,7574053,/home/user55414
user63635,8554489,/home/user63635
user94056,3056357,/home/user94056
user49104,8148739,/home/user49104
user80597,9833277,/home/user80597
user92718,5783890,/home/user92718
user49697,8847622,/home/user49697
user41259,1801654,/home/user41259
user71022,3401167,/home/user71022
user26397,2379190,/home/user26397
user90249,3278830,/home/user90249
user58778,6583066,/home/user58778
user76514,6215517,/home/user76514
user71205,7678912,/home/user71205
user26445,4607046,/home/user26445
user95560,7940018,/home/user95560
user53831,4897484,/home/user53831
user12020,7170301,/home/user12020
user64691,8447854,/home/user64691
user96797,4134487,/home/user96797
user76082,2125809,/home/user76082
user90381,1212393,/home/user90381
user13686,8667456,/home/user13686
user98710,5214022,/home/user98710
user35739,8354428,/home/user35739
user81434,9271413,/home/user81434
user98838,6877337,/home/user98838
user81958,2338942,/home/user81958
user51991,6113137,/home/user51991
user10827,3109905,/home/user10827
user34637,4225658,/home/user34637
user99060,1601823,/home/user99060
user68146,8918541,/home/user68146
user30663,8280820,/home/user30663
user10388,2675869,/home/user10388
user97098,9545698,/home/user97098
user50111,1443564,/home/user50111
user95037,6519484,/home/user95037
user43070,1355868,/home/user43070
user41849,5135204,/home/user41849
user38578,9591011,/home/user38578
user43435,7165206,/home/user43435
user80465,1103557,/home/user80465
user59130,8521517,/home/user59130
user82050,5437133,/home/user82050
user92122,9506194,/home/user92122
user79734,2037888,/home/user79734
user66648,9461373,/home/user66648
user52456,4170739,/home/user52456
user80009,9918206,/home/user80009
user74112,5453719,/home/user74112
user80277,8088398,/home/user80277
user85652,2173046,/home/user85652
user42992,8149426,/home/user42992
user70574,1296894,/home/user70574
user92849,4532620,/home/user92849
user30315,1231147,/home/user30315
user19221,8987960,/home/user19221
user30647,5037058,/home/user30647
user13870,7922582,/home/user13870
user86248,1841629,/home/user86248
user53854,2628702,/home/user53854
user89165,9832811,/home/user89165
user23643,9242555,/home/user23643
user58682,5565300,/home/user58682
user76983,9968556,/home/user76983
user35948,1436905,/home/user35948
user14284,6377003,/home/user14284
user22866,8461493,/home/user22866
user26949,6761360,/home/user26949
user61242,5315836,/home/user61242
user35465,6092653,/home/user35465
user14672,1751241,/home/user14672
user62653,8278576,/home/user62653
user63918,4047833,/home/user63918
user50458,7601074,/home/user50458
user51933,7443651,/home/user51933
user93792,3779376,/home/user93792
user35956,9421460,/home/user35956
user95716,8563899,/home/user95716
user54995,5359715,/home/user54995
user39132,3593753,/home/user39132
user51491,8429491,/home/user51491
user91155,2617218,/home/user91155
user97855,4648616,/home/user97855
user46555,1857966,/home/user46555
user83336,8720149,/home/user83336
user26848,2894405,/home/user26848
user35195,5959405,/home/user35195
user13753,3391060,/home/user13753
user38127,8182204,/home/user38127
user55863,3317128,/home/user55863
user92645,6117441,/home/user92645
user54955,8096308,/home/user54955
user10548,8255100,/home/user10548
user91411,4390113,/home/user91411
user43019,2162869,/home/user43019
user99385,1596439,/home/user99385
user43562,7238359,/home/user43562
user47399,9031390,/home/user47399
user58770,5533159,/home/user58770
user50982,6634380,/home/user50982
user40691,5991047,/home/user40691
user52486,3645963,/home/user52486
user75971,4173548,/home/user75971
user34489,8047444,/home/user34489
user40054,2389996,/home/user40054
user36728,7433549,/home/user36728
user13140,8160444,/home/user13140
user13608,4165037,/home/user13608
user18015,8991365,/home/user18015
user84427,6058942,/home/user84427
user65329,3980923,/home/user65329
user88005,9602475,/home/user88005
user71599,2030108,/home/user71599
user34834,5288795,/home/user34834
user95911,2115172,/home/user95911
user53131,5885558,/home/user53131
user92756,5589223,/home/user92756
user96143,5207902,/home/user96143
user58057,3748717,/home/user58057
user41065,2095691,/home/user41065
user60711,5673411,/home/user60711
user79386,6621821,/home/user79386
user49982,3481468,/home/user49982
user93019,2689153,/home/user93019
user52632,4345244,/home/user52632
user80805,3396232,/home/user80805
user43049,5830885,/home/user43049
user78097,9810179,/home/user78097
user71731,5469700,/home/user71731
user25320,6920134,/home/user25320
user88890,6594395,/home/user88890
user61107,3313102,/home/user61107
user67508,1202773,/home/user67508
user77742,9344914,/home/user77742
user30715,9311290,/home/user30715
user61161,2453718,/home/user61161
user91444,4117812,/home/user91444
user74822,8850616,/home/user74822
user64383,6834816,/home/user64383
user92975,7857039,/home/user92975
user92402,5314930,/home/user92402
user77834,2916807,/home/user77834
user55272,4604522,/home/user55272
user57773,7246371,/home/user57773
user14905,7364915,/home/user14905
user11820,1720673,/home/user11820
user87871,2639784,/home/user87871
user54272,4843094,/home/user54272
user32861,2659407,/home/user32861
user57126,4956797,/home/user57126
user87359,2734236,/home/user87359
user90545,5091405,/home/user90545
user19688,6670497,/home/user19688
user73798,5641579,/home/user73798
user87889,7837106,/home/user87889
user25098,4632280,/home/user25098
user13375,6769990,/home/user13375
user48521,8565651,/home/user48521
user82836,8966607,/home/user82836
user71280,7392442,/home/user71280
user64788,6119856,/home/user64788
user24547,1699356,/home/user24547
user38464,9938519,/home/user38464
user50028,2949515,/home/user50028
user43625,4726366,/home/user43625
user24105,8878143,/home/user24105
user18945,1431421,/home/user18945
user17854,8516088,/home/user17854
user16380,9895164,/home/user16380
user57903,4276456,/home/user57903
user19508,4026587,/home/user19508
user26022,4070032,/home/user26022
user58840,2829607,/home/user58840
user47429,7117599,/home/user47429
user93611,9208982,/home/user93611
user55165,9186214,/home/user55165
user48652,9598442,/home/user48652
user10279,7363535,/home/user10279
